gRNA,Type
AAAGATACCAGAGCCCGAAT,sty1607
AAGGCAAGTCTAAATATTG,sty1607
GCCCCAGGCTCCCGAGGAGT,sty1607
GACTTGCCTTTAAAAGATAC,sty1607
AAAGCATTTGCGGCAGAGAA,sty1607
TTAAGAGTGCGTTTGAACAC,sty1607
CGGCAGAGAAAGGACTTGAC,sty1607
AACACTTACATGCACTAAGT,sty1607
TCTGCCGCAAATGCTTTTAA,sty1607
AGCGCCGTCAAGTCCTTTCT,sty1607
AAGACTAAGTGGTTCACCAG,sty1607
CCAGATAACTCCTCGGGAGC,sty1607
ACCGGGAAGGGAAAACTGAA,sty1607
CCTTCCCGGTCAAACTTAAG,sty1607
CGGATCATAATCAATATAGC,sty1607
TTTCCGGATCATAATCAATA,sty1607
TTTGCCGTTGTTGATATTAA,sty2879
AGTCAACGAGCCGTAGTCGT,sty2879
CCATCTAAGAACTGGTGGGC,sty2879
AGATGCCCACCAGTTCTTAG,sty2879
AGTGTAATCTGGCAGCTTTA,sty2879
ATATCAACAACGGCAAAAAA,sty2879
GATCACGGGTGATACGACTA,sty2879
CCGCGCTTGAGAATAGGTGA,sty2879
AACTGTAAGAAACTTGTCCC,sty2879
TTACAGTTGAAAATGTTGAG,sty2879
GTTTTGTTCAATCTCCAATA,sty2879
TTCAATCTCCAATACTTGCA,sty2879
GTAGCTTACTACGCCGATTG,sty2879
TCTAAGCAGAGGGTTGCAAG,sty2879
TTCAATCGGCGTAGTAAGCT,sty2879
GCCCAATTACAAGCGGCTTA,sty2879
ACGAGATGATCACATCATCC,sty2879
CCGTTGTTGATATTAAACA,sty2879
AAAGTCCTGATTTTGTTGAT,sty0307
TTGATTCGAAAGATTTCTAT,sty0307
TATGCAGGCATTGGTTATGA,sty0307
AAAAGATGATGAATTATGAT,sty0307
GAATCAACAAAATCAGGACT,sty0307
CCCTGGTCATAACCAATGCC,sty0307
AAAATACCTGTGCGGCCCGT,sty0307
AAGGCCGTCTTCTCCCGATA,sty0307
AAACTGAGCACCAAGTTTCC,sty0307
ATTAATGCCACGCTCATACG,sty0307
AACTTCACACCTGATTTAAT,sty0307
TCGGGAGAAGACGGCCTTTA,sty0307
GCAGGCAACTGTTTTCGGTA,sty0307
GGTAAACCTGCGGTCTGGCG,sty0307
AGACAGAACTGGGTAATAAA,sty0307
AATGCTCCGGCCCTTCCACT,sty0307
GCGCCTGTTTCAATGCTCCG,sty0307
CCGAAAACAGTTGCCTGCGA,sty0307
GTCGGATCACGCCAGACCGC,sty0307
TTACCCAGTTCTGTCTGAAA,sty0307
CAGAAGAAGACCACACCTTT,sty0307
CTGTAAGCAAATTTGGTTCT,sty0307
CTTACAGGAAAAATAACAGT,sty0307