,gRNA,my version of target,type,hamming distance,predicted_ds_k
20,gtagcttactacgccgattg,cttagataaaagttattttggtagcttactacgccgattgaacaaacatcatgatctcaa,sty2879,0,1.9101269419511313
38,agacagaactgggtaataaa,gcgtgatccgactaaatttcagacagaactgggtaataaaaaaggtgtggtcttcttctg,sty0307,0,1.7370396735429157
24,aaagtcctgattttgttgat,tcataattcatcatcttttgaaagtcctgattttgttgattcgaaagatttctatgcagg,sty0307,0,1.7319218001274808
25,ttgattcgaaagatttctat,ttttgaaagtcctgattttgttgattcgaaagatttctatgcaggcattggttatgacca,sty0307,0,1.6558964557617937
26,tatgcaggcattggttatga,ttgttgattcgaaagatttctatgcaggcattggttatgaccaggggaaacttggtgctc,sty0307,0,1.5979086142128804
30,aaaatacctgtgcggcccgt,gaaacttggtgctcagtttgaaaatacctgtgcggcccgtatgagcgtggcattaattaa,sty0307,0,1.5741041781306249
23,ccgttgttgatattaaacaa,cttaaaaagtgatttttttgccgttgttgatattaaacaattttttcagtcaacgagccg,sty2879,0,1.52701426505468
10,agtcaacgagccgtagtcgt,tgatattaaacaattttttcagtcaacgagccgtagtcgtatcacccgtgatctaaagag,sty2879,0,1.5048238235631755
16,aactgtaagaaacttgtccc,cgggaaatctcaacattttcaactgtaagaaacttgtcccatagtccacataagcatgtc,sty2879,0,1.479979625558006
2,ttaagagtgcgtttgaacac,cgctgaaaaagatgcatttcttaagagtgcgtttgaacacttacatgcactaagtaaggc,sty1607,0,1.4624490826717786
9,tttgccgttgttgatattaa,tacacttaaaaagtgatttttttgccgttgttgatattaaacaattttttcagtcaacga,sty2879,0,1.452034235126238
21,gcccaattacaagcggctta,tcatctcgtcaaacaatttggcccaattacaagcggcttacgacgaagcactagtggcaa,sty2879,0,1.3624356923504914
3,aacacttacatgcactaagt,atttcttaagagtgcgtttgaacacttacatgcactaagtaaggctggtgaaccacttag,sty1607,0,1.204276015458012
18,gttttgttcaatctccaata,taagcatgtcctcccttttggttttgttcaatctccaatacttgcaaccctctgcttaga,sty2879,0,1.189242231908658
31,aaggccgtcttctcccgata,taaatcaggtgtgaagtttaaaggccgtcttctcccgataaaagagggcaagtggaaggg,sty0307,0,1.1155152237096932
7,accgggaagggaaaactgaa,atattgggaacttaagtttgaccgggaagggaaaactgaaggctatattgattatgatcc,sty1607,0,1.1113645622000654
36,gcaggcaactgttttcggta,aatctggcagatatactttcgcaggcaactgttttcggtaaacctgcggtctggcgtgat,sty0307,0,1.07664921530303
37,ggtaaacctgcggtctggcg,tttcgcaggcaactgttttcggtaaacctgcggtctggcgtgatccgactaaatttcaga,sty0307,0,1.0385954884243787
19,ttcaatctccaatacttgca,tgtcctcccttttggttttgttcaatctccaatacttgcaaccctctgcttagataaaag,sty2879,0,0.9830081301403802
0,gccccaggctcccgaggagt,acccttgttaatgccatttggccccaggctcccgaggagttatctggtaaacttgctgct,sty1607,0,0.7904825574509093
33,attaatgccacgctcatacg,atatcgatctgattgagccgaccagtgccggggcagtatgtcattcacactgttattttt,sty0307,10,0.0
34,aacttcacacctgatttaat,ggtctggcgtgatccgactaaatttcagacagaactgggtaataaaaaaggtgtggtctt,sty0307,9,0.0
32,aaactgagcaccaagtttcc,gcattggttatgaccaggggaaacttggtgctcagtttgaaaatacctgtgcggcccgta,sty0307,8,0.0
29,ccctggtcataaccaatgcc,tcgaaagatttctatgcaggcattggttatgaccaggggaaacttggtgctcagtttgaa,sty0307,8,0.0
39,aatgctccggcccttccact,ggagcattgaaacaggcgctaaaaatctggcagatatactttcgcaggcaactgttttcg,sty0307,9,0.0
40,gcgcctgtttcaatgctccg,taattcatcatcttttgaaagtcctgattttgttgattcgaaagatttctatgcaggcat,sty0307,10,0.0
41,ccgaaaacagttgcctgcga,atctggcagatatactttcgcaggcaactgttttcggtaaacctgcggtctggcgtgatc,sty0307,9,0.0
42,ttacccagttctgtctgaaa,tggatataatggtgggagtggtagtcatatcgatctgattgagccgaccagtgccggggc,sty0307,9,0.0
35,tcgggagaagacggccttta,tctgattgagccgaccagtgccggggcagtatgtcattcacactgttatttttcctgtaa,sty0307,9,0.0
22,acgagatgatcacatcatcc,gctaagtgtgtgtatggatgatgtgatcatctcgtcaaacaatttggcccaattacaagc,sty2879,7,0.0
28,gaatcaacaaaatcaggact,gtgcggcccgtatgagcgtggcattaattaaatcaggtgtgaagtttaaaggccgtcttc,sty0307,6,0.0
27,aaaagatgatgaattatgat,cagacagaactgggtaataaaaaaggtgtggtcttcttctggaaaattgatggatataat,sty0307,8,0.0
1,gacttgcctttaaaagatac,ttgcggcagagaaaggacttgacggcgctgaaaaagatgcatttcttaagagtgcgtttg,sty1607,7,0.0
17,ttacagttgaaaatgttgag,acacttaaaaagtgatttttttgccgttgttgatattaaacaattttttcagtcaacgag,sty2879,8,0.0
15,ccgcgcttgagaataggtga,acaaacatcatgatctcaagctaagtgtgtgtatggatgatgtgatcatctcgtcaaaca,sty2879,9,0.0
14,gatcacgggtgatacgacta,cagtcaacgagccgtagtcgtatcacccgtgatctaaagagctacttcacctattctcaa,sty2879,8,0.0
13,atatcaacaacggcaaaaaa,ctcaagcgcgggaaatctcaacattttcaactgtaagaaacttgtcccatagtccacata,sty2879,7,0.0
12,agtgtaatctggcagcttta,gcaaccctctgcttagataaaagttattttggtagcttactacgccgattgaacaaacat,sty2879,8,0.0
11,agatgcccaccagttcttag,ggttttgttcaatctccaatacttgcaaccctctgcttagataaaagttattttggtagc,sty2879,8,0.0
8,ccttcccggtcaaacttaag,tattgggaacttaagtttgaccgggaagggaaaactgaaggctatattgattatgatccg,sty1607,8,0.0
6,ccagataactcctcgggagc,gctctggtatcttttaaaggcaagtctaaatattgggaacttaagtttgaccgggaaggg,sty1607,10,0.0
5,agcgccgtcaagtcctttct,gtgaaccacttagtcttgaaacccttgttaatgccatttggccccaggctcccgaggagt,sty1607,10,0.0
4,tctgccgcaaatgcttttaa,cccaggctcccgaggagttatctggtaaacttgctgctgaagagttggagttatcggatg,sty1607,9,0.0
43,cttacaggaaaaataacagt,tgaccaggggaaacttggtgctcagtttgaaaatacctgtgcggcccgtatgagcgtggc,sty0307,8,0.0
